Title,Description,Reunión Pre Subasta,Acto de Apertura
SUBASTA FORMAL,Adquisición de Cuatro (4) Retro Excavadora (Digger) para el Departamento de Recursos Naturales y Ambientales del Gobierno de Puerto Rico,"Feb. 18, 2025  11 a.m.","March 4, 2025  4 p.m."
SUBASTA FORMAL,PARA LA REPARACIÓN DE LAS FACILIDADES DE LA RESERVA NATURAL LAGUNA TORTUGUERO DEL DEPARTAMENTO DE RECURSOS NATURALES Y AMBIENTALES DEL GOBIERNO DE PUERTO RICO,"Feb. 5, 2025  11 a.m.","March 4, 2025  3 p.m."
REQUEST FOR PROPOSAL,"PARA FORMALIZAR CONTRATO DE SELECCIÓN MÚLTIPLE PARA LA ADQUISICIÓN DE LUMINARIAS LED PARA LAS ENTIDADES GUBERNAMENTALES, ENTIDADES EXENTAS Y MUNICIPIOS DEL GOBIERNO DE PUERTO RICO","Feb. 6, 2025  10 a.m.","Feb. 26, 2025  10 a.m."
SUBASTA FORMAL,"REPARACIONES Y MEJORAS DE EDIFICIOS INDUSTRIALES DE LA COMPAÑÍA DE FOMENTO INDUSTRIAL PARA LOS PW(S): 8753 Y 9018 EN LOS MUNICIPIOS DE SALINAS, SANTA ISABEL Y ARROYO","Feb. 18, 2025  10:30 a.m.","April 3, 2025  10:30 a.m."
SUBASTA FORMAL,"REPARACIONES Y MEJORAS DE EDIFICIOS INDUSTRIALES DE LA COMPAÑÍA DE FOMENTO INDUSTRIAL PARA LOS PW(S): 7936 Y 7858 EN LOS MUNICIPIOS DE JUANA DIAZ, AIBONITO, COAMO, LAS PIEDRAS Y MAUNABO","Feb. 18, 2025  10 a.m.","April 9, 2025  10:30 a.m."
SUBASTA INFORMAL,"SERVICIO DE PINTURA, LAVADO A PRESIÓN Y REPARACIÓN DE PAREDES PARA EL AVIATION HANGAR LINDBERGH ST. ISLA GRANDE   DE LA GUARDIA NACIONAL DEL GOBIERNO DE PUERTO RICO","Feb. 3, 2025  2 p.m.","Feb. 27, 2025  2 p.m."
SUBASTA FORMAL,PARA LA CONSTRUCCIÓN DE UN CUARTO REFRIGERADOR (WALK-IN FREEZER) EN EL CAMPAMENTO SANTIAGO DE LA GUARDIA NACIONAL DE PUERTO RICO,"Feb. 4, 2025  2:30 p.m.","Feb. 24, 2025  11 a.m."
REQUEST FOR PROPOSAL,TO ESTABLISH A CONTRACT FOR WIC ELECTRONIC BENEFIT TRANSFER (EBT) PROGRAM FOR THE GOVERNMENT OF PUERTO RICO,"Jan. 30, 2025  11 a.m.","Feb. 25, 2025  10:30 a.m."
SUBASTA FORMAL,PARA LA FORMALIZACIÓN DE CONTRATO DE MANTENIMIENTO PREVENTIVO PARA LOS EQUIPOS Y FACILIDADES DEL EDIFICIO DE LA JUNTA REGLAMENTADORA DE SERVICIO PÚBLICO DEL GOBIERNO DE PUERTO RICO,"Feb. 4, 2025  11 a.m.","Feb. 28, 2025  10 a.m."
SUBASTA FORMAL,"PARA REALIZAR MEJORAS A LAS FACILIDADES DEPORTIVAS DE LA BASE RAMEY EN EL MUNICIPO DE AGUADILLA, ADSCRITO AL DEPARTAMENTO DE RECREACIÓN Y DEPORTES DEL GOBIERNO DE PUERTO RICO","Feb. 4, 2025  10 a.m.","March 26, 2025  10 a.m."
SUBASTA INFORMAL,PARA LA REPARACIÓN DE LAS FACILIDADES DEL BOSQUE ESTATAL DE VEGA DEL DEPARTAMENTO DE RECURSOS NATURALES Y AMBIENTALES DEL GOBIERNO DE PUERTO RICO.,"Jan. 28, 2025  11 a.m.","Feb. 12, 2025  11 a.m."
SUBASTA INFORMAL,"FORMALIZAR CONTRATO(S) PARA LA ADQUISICIÓN DE LOS SERVICIOS DE MANTENIMIENTO DE ÁREAS VERDES Y LIMPIEZA PARA LA RUTA#9 ZONA SUR QUE COMPRENDEN LOS PUEBLOS DE AIBONITO, ARROYO, COAMO, PATILLAS, SALINAS Y SANTA ISABEL DE LAS PROPIEDADES DE LA COMPAÑÍA DE FO","Jan. 27, 2024  9:30 a.m.","Feb. 24, 2024  10 a.m."
SUBASTA FORMAL,"REPARACIONES Y MEJORAS DE EDIFICIOS INDUSTRIALES DE LA COMPAÑÍA DE FOMENTO INDUSTRIAL, UBICADOS EN EL MUNICIPIO DE PONCE, PARA EL PW-8287","March 4, 2025  10 a.m.","March 25, 2025  10 a.m."
SUBASTA FORMAL,​PARA ADQUIRIR E INSTALAR UN LABORATORIO MODULAR PARA AUMENTAR LA CAPACIDAD DE RECIBIDO Y PROCESAMIENTO DE PRUEBAS PARA TODAS LAS AMENAZAS (ALL-HAZARDS LRN) EN EL LABORATORIO DE EMERGENCIAS BIOLÓGICAS Y QUÍMICAS DEL DEPARTAMENTO DE SALUD DEL GOBIERNO DE P,"Jan. 24, 2025  11 a.m.","Feb. 12, 2025  1:30 p.m."
REQUEST FOR PROPOSAL,"PARA FORMALIZAR UN CONTRATO DE SELECCIÓN MÚLTIPLE PARA EL VACÍADO Y MANTENIMIENTO DE POZOS SÉPTICOS Y TRAMPAS DE GRASA PARA LAS ENTIDADES GUBERNAMENTALES, ENTIDADES EXENTAS Y MUNICIPIOS DEL GOBIERNO DE PUERTO RICO","Jan. 29, 2025  9 a.m.","Feb. 26, 2025  9 a.m."
SUBASTA FORMAL,PARA LA ADQUISICIÓN DE UNIDADES MÓVILES PARA LA ADMINISTRACIÓN DE SERVICIOS DE SALUD MENTAL Y CONTRA LA ADICCIÓN (ASSMCA) DEL GOBIERNO DE PUERTO RICO,"Jan. 21, 2025  1:30 p.m.","Feb. 12, 2025  11:30 a.m."
SUBASTA FORMAL,PARA ESTABLECER CONTRATO PARA LA ADQUISICIÓN DE PAPEL DE SEGURIDAD PARA BILLETES DEL NEGOCIADO DE LA LOTERÍA ADSCRITO AL DEPARTAMENTO DE HACIENDA  DEL GOBIERNO DE PUERTO RICO,"Jan. 21, 2025  3:30 p.m.","Feb. 5, 2025  10 a.m."
SUBASTA FORMAL,PARA LA ADQUISICIÓN E INSTALACIÓN DE EXTRACTORES EN ÁREA COMUNES DE LAS VIVIENDAS Y ACONDICIONADORES DE AIRES EN CUARTOS DE DATA CONTROL DE LOS PORTONES EN LA INSTITUCIÓN CORRECCIONAL DE BAYAMÓN  705 DEL DEPARTAMENTO DE CORRECCIÓN Y REHABILITACIÓN DEL GOB,"Jan. 17, 2025  2 p.m.","Feb. 11, 2025  2 p.m."
SUBASTA INFORMAL,REPARACIÓN Y MODERNIZACIÓN DEL ELEVADOR DEL DEPARTAMENTO DE AGRICULTURA OFICINA CENTRAL DEL GOBIERNO DE PUERTO RICO,"Jan. 21, 2025  9 a.m.","Feb. 6, 2025  9 a.m."
SUBASTA INFORMAL,TRABAJOS DE MEJORAS A LA PLANTA FÍSICA EN EL CENTRO PEDIÁTRICO METROPOLITANO DE LA SECCIÓN DE NIÑOS CON NECESIDADES MÉDICAS ESPECIALES DEL DEPARTAMENTO DE SALUD DEL GOBIERNO DE PUERTO RICO,"Jan. 21, 2025  10 a.m.","Feb. 7, 2025  10 a.m."
SUBASTA FORMAL,"REPARACIONES Y MEJORAS DE EDIFICIOS INDUSTRIALES DE LA COMPAÑÍA DE FOMENTO INDUSTRIAL PARA LOS PW(S): 7850 Y 8520 EN EL MUNICIPIO DE BARRANQUITAS, OROCOVIS, ISABELA Y LARES","Feb. 11, 2025  10 a.m.","March 12, 2025  10:30 a.m."
SUBASTA FORMAL,"REPARACIONES Y MEJORAS DE EDIFICIOS INDUSTRIALES DE LA COMPAÑÍA DE FOMENTO INDUSTRIAL PARA LOS PW(S): 8315 Y 8172 EN LOS MUNICIPIOS DE MOROVIS, CIALES Y SANTA ISABEL","Jan. 21, 2025  3 p.m.","Feb. 12, 2025  10:30 a.m."
SUBASTA FORMAL,REPARACIONES Y MEJORAS DE EDIFICIOS INDUSTRIALES DE LA COMPAÑÍA DE FOMENTO INDUSTRIAL PARA EL PW-8023 EN EL MUNICIPIO DE MAYAGÜEZ,"Jan. 28, 2025  3 p.m.","Feb. 19, 2025  4 p.m."
SUBASTA FORMAL,REPARACIONES Y MEJORAS DE EDIFICIOS INDUSTRIALES DE LA COMPAÑÍA DE FOMENTO INDUSTRIAL PARA LOS PW 8235 Y 9084 PARA LOS MUNICIPIOS DE MAYAGUEZ Y SABANA GRANDE,"Jan. 28, 2025  11 a.m.","Feb. 19, 2025  3 p.m."
SUBASTA FORMAL,REPARACIONES Y MEJORAS A EDIFICIOS INDUSTRIALES DE LA COMPAÑÍA DE FOMENTO INDUSTRIAL PARA EL PW 7645 EN EL MUNICIPIO DE GUÁNICA,"Jan. 28, 2025  10:30 a.m.","Feb. 19, 2025  10:30 a.m."
SUBASTA INFORMAL,ADQUISICIÓN DE VAGÓN PARA LA FINCA GABIA ADSCRITA AL CUERPO DE VIGILANTES DEL DEPARTAMENTO DE RECURSOS NATURALES Y AMBIENTALES DEL GOBIERNO DE PUERTO RICO,"Jan. 16, 2024  9 a.m.","Jan. 31, 2024  9:30 a.m."
REQUEST FOR PROPOSAL,"PARA FORMALIZAR UN CONTRATO DE SELECCIÓN MULTIPLE PARA LA ADQUISICIÓN DE ESPEJUELOS PARA LAS ENTIDADES GUBERNAMENTALES, ENTIDADES EXENTAS Y MUNICIPIOS DEL GOBIERNO DE PUERTO RICO.","Jan. 14, 2025  9:30 a.m.","Feb. 12, 2025  9 a.m."
SUBASTA FORMAL,"PARA REALIZAR LA SEGUNDA FASE DE LAS MEJORAS PERMANENTES DE LA VILLA PESQUERA EL MANI EN MAYAGUEZ, ADSCRITA AL DEPARTAMENTO DE AGRICULTURA DEL GOBIERNO DE PUERTO RICO","Jan. 9, 2025  11 a.m.","Jan. 29, 2025  2 p.m."
REQUEST FOR PROPOSAL,"PARA FORMALIZAR UN CONTRATO DE SELECCIÓN MÚLTIPLE PARA LA ADQUISICIÓN Y/O RENTA DE ENFRIADORES DE AGUA PARA LAS ENTIDADES GUBERNAMENTALES, ENTIDADES EXENTAS Y MUNICIPIOS DEL GOBIERNO DE PUERTO RICO","Jan. 15, 2025  9:30 a.m.","Feb. 11, 2024  1 p.m."
SUBASTA INFORMAL,ADQUISICIÓN E INSTALACIÓN DE PANTALLAS DIGITALES PARA INTERIOR Y EXTERIOR DE LOS TEATROS FRANCISCO ARRIVÍ Y VICTORIA ESPINOSA ADSCRITOS AL INSTITUTO DE CULTURA PUERTORRIQUEÑA DEL GOBIERNO DE PUERTO RICO,"Jan. 8, 2025  9 a.m.","Jan. 27, 2025  9:30 a.m."
SUBASTA FORMAL,"REPARACIONES Y MEJORAS A EDIFICIOS INDUSTRIALES DE LA COMPAÑÍA DE FOMENTO INDUSTRIAL PARA LOS PW(S)-7983 Y 7870 PARA LOS MUNICIPIOS DE VEGA ALTA,  VEGA BAJA E ISABELA","Jan. 13, 2025  10:30 a.m.","Feb. 11, 2025  3 p.m."
SUBASTA FORMAL,REPARACIONES Y MEJORAS DE EDIFICIOS INDUSTRIALES DE LA COMPAÑÍA DE FOMENTO INDUSTRIAL PARA EL PW-9125.,"Jan. 13, 2025  3:30 p.m.","Jan. 29, 2025  3 p.m."
SUBASTA FORMAL,"REPARACIONES Y MEJORAS DE EDIFICIOS INDUSTRIALES DE LA COMPAÑÍA DE FOMENTO INDUSTRIAL PARA LOS PW(S): 7822, PW-7853 Y PW-7868 EN LOS MUNICIPIOS DE CABO ROJO, HORMIGUEROS, AGUADILLA Y MOCA","Dec. 30, 2024  10:30 a.m.","Feb. 11, 2025  11 a.m."
SUBASTA FORMAL,"REPARACIONES Y MEJORAS DE EDIFICIOS INDUSTRIALES DE LA COMPAÑÍA DE FOMENTO INDUSTRIAL PARA LOS PW-7844, 8058 & 8098 EN LOS MUNICIPIOS DE LAJAS,  CABO ROJO Y SAN SEBASTIÁN","Dec. 30, 2024  11 a.m.","Feb. 11, 2025  10:30 a.m."
SUBASTA FORMAL,REPARACIONES Y MEJORAS DE EDIFICIOS INDUSTRIALES DE LA COMPAÑÍA DE FOMENTO INDUSTRIAL PARA EL PW-8644 EN EL MUNICIPIO DE HATILLO​​,"Dec. 30, 2024  10 a.m.","Jan. 29, 2025  4 p.m."
SUBASTA FORMAL,REPARACIONES Y MEJORAS DE EDIFICIOS INDUSTRIALES DE LA COMPAÑÍA DE FOMENTO INDUSTRIAL PARA LOS PW-8220 y 8307 EN LOS MUNICIPIOS DE FLORIDA Y CAMUY,"Dec. 26, 2024  3:30 p.m.","Jan. 29, 2025  10:30 a.m."
SUBASTA INFORMAL,SERVICIO DE REMPLAZO EN LINEAS SANITARIA EN COAMO REDINESS CENTER (RC) EN COAMO PARA LA GUARDIA NACIONAL  DEL GOBIERNO DE PUERTO RICO,"Jan. 14, 2025  10 a.m.","Feb. 4, 2025  9:30 a.m."
SUBASTA FORMAL,REPARACIONES Y MEJORAS DE EDIFICIOS INDUSTRIALES DE LA COMPAÑÍA DE FOMENTO INDUSTRIAL PARA EL PW-7412 (TRUJILLO ALTO),"Dec. 26, 2024  10:30 a.m.","Jan. 21, 2025  10:30 a.m."
SUBASTA FORMAL,"PARA ADQUIRIR SERVICIOS PARA LA LIMPIEZA DEL SISTEMA DE ALCANTARILLADO PLUVIAL DE LAS CARRETERAS CON ASIGNACIÓN DE FONDOS NO FEDERAL PARA TODAS LAS ENTIDADES GUBERNAMENTALES, ENTIDADES EXENTAS Y MUNICIPIOS DEL GOBIERNO DE PUERTO RICO","Dec. 18, 2024  9 a.m.","Jan. 28, 2025  10 a.m."
SUBASTA FORMAL,PARA REPARACIONES Y MEJORAS CORRESPONDIENTES AL PW 8329 EN EDIFICIOS INDUSTRIALES EN MAYAGUEZ DE LA COMPAÑIA DE FOMENTO INDUSTRIAL DEL GOBIERNO DE PUERTO RICO,"Dec. 17, 2024  2:30 p.m.","Jan. 13, 2025  2:30 p.m."
SUBASTA FORMAL,CONSTRUCCION DE ALMACEN PARA EL MANEJO DE EMERGENCIAS DEL DEPARTAMENTO DE LA VIVIENDA DEL GOBIERNO DE PUERTO RICO,"Dec. 17, 2024  1:30 p.m.","Jan. 17, 2025  10:30 a.m."
SUBASTA FORMAL,PARA MEJORAS A LAS FACILIDADES DEPORTIVAS EL SEÑORIAL EN SAN JUAN DEL DEPARTAMENTO DE RECREACION Y DEPORTES DEL GOBIERNO DE PUERTO RICO,"Dec. 16, 2024  11 a.m.","Jan. 24, 2025  10 a.m."
SUBASTA FORMAL,"PARA LA ADQUISICIÓN DE BATERÍAS DE RESPALDO PARA LA RESILIENCIA DE EQUIPOS DE  VOZ PARA EL NEGOCIADO DE LA POLICÍA DE PUERTO RICO, ADSCRITO AL  DEPARTAMENTO DE SEGURIDAD PÚBLICA DEL GOBIERNO DE PUERTO RICO","Dec. 16, 2024  1:30 p.m.","Jan. 8, 2025  2:30 p.m."
REQUEST FOR PROPOSAL,"PARA CONTRATAR SERVICIOS PARA REMPLAZAR Y REPARAR DE VIGAS DE MADERA, BARANDILLAS Y PUERTAS INTERIORES EN EL CUARTEL DE BALLAJA DE LA OFICINA ESTATAL DE CONSERVACION HISTORICA DEL GOBIERNO DE PUERTO RICO","Dec. 17, 2024  3 p.m.","Jan. 14, 2025  10:30 a.m."
REQUEST FOR PROPOSAL,"PARA ESTABLECER UN CONTRATO DE SELECCIÓN MÚLTIPLE PARA LA ADQUISICIÓN DE MATERIALES DESECHABLES PARA EL CONSUMO Y DESPACHO DE ALIMENTOS Y BEBIDAS Y PARA OTROS FINES PARA TODAS LAS ENTIDADES GUBERNAMENTALES, EXENTAS Y MUNICIPIOS DEL GOBIERNO DE PUERTO RICO","Dec. 12, 2024  11 a.m.","Jan. 8, 2025  11 a.m."
SUBASTA FORMAL,REPARACIONES Y MEJORAS DE EDIFICIOS INDUSTRIALES DE LA COMPAÑÍA DE FOMENTO INDUSTRIAL PARA LOS PW(S): 9522 Y 8583 EN LOS MUNICIPIOS DE COMERÍO Y TRUJILLO ALTO,"Dec. 13, 2024  10:30 a.m.","Jan. 13, 2025  4 p.m."
SUBASTA FORMAL,PARA REALIZAR TRABAJOS PARA LA SEPARACIÓN DE LA ALIMENTACIÓN DE AGUA POTABLE A CADA MÓDULO DE VIVIENDA; ACONDICIONAMIENTO Y MEJORAS A BAÑOS DE PLANTA ALTA DEL ÁREA DE LOS MÓDULOS DE VIVIENDA Y BAÑOS DEL CDTS PONCE DEL DEPARTAMENTO DE CORRECCIÓN Y REHABILI,"Dec. 13, 2024  11 a.m.","Jan. 21, 2025  2 p.m."
SUBASTA FORMAL,PARA ADQUIRIR EQUIPOS PARA EL SHELTER SYSTEMS DEL NEGOCIADO DE MANEJO DE EMERGENCIAS Y ADMINISTRACIÓN DE DESASTRES DEL DEPARTAMENTO DE SEGURIDAD PÚBLICA DEL GOBIERNO DE PUERTO RICO,"Dec. 12, 2024  12:30 p.m.","Jan. 8, 2025  1:30 p.m."
SUBASTA INFORMAL,REPARACIÓN DEL SISTEMA DE PROPULSIÓN DE EXTINCIÓN CONTRA INCENDIOS DE LA INSTITUCIÓN CORRECCIONAL GUERRERO AGUADILLA ADSCRITA AL DEPARTAMENTO DE CORRECCIÓN Y REHABILITACIÓN DEL GOBIERNO DE PUERTO RICO,"Dec. 11, 2024  10:30 a.m.","Dec. 27, 2024  10:30 a.m."
SUBASTA INFORMAL,REMODELACIÓN INTEGRAL DE LOS BAÑOS DE LOS EDIFICIOS 763 Y 016 DEL CAMPAMENTO SANTIAGO EN SALINAS DE LA GUARDIA NACIONAL DE PUERTO RICO,"Dec. 17, 2024  9 a.m.","Feb. 26, 2025  10:30 a.m."
SUBASTA FORMAL,​PARA ADQUIRIR E INSTALAR UN LABORATORIO MODULAR PARA AUMENTAR LA CAPACIDAD DE RECIBIDO Y PROCESAMIENTO DE PRUEBAS PARA TODAS LAS AMENAZAS (ALL-HAZARDS LRN) EN EL LABORATORIO DE EMERGENCIAS BIOLÓGICAS Y QUÍMICAS DEL DEPARTAMENTO DE SALUD DEL GOBIERNO DE P,"Dec. 11, 2024  12:30 p.m.","Jan. 8, 2025  10:30 a.m."
SUBASTA FORMAL,​​PARA LA ADQUISICIÓN DE UN (1) CAMIÓN Y UNA (1) PLATAFORMA DE ARRASTRE PARA EL CAMPAMENTO SANTIAGO EN SALINAS DE LA GUARDIA NACIONAL DE PUERTO RICO,"Dec. 11, 2024  3:30 p.m.","Dec. 27, 2024  3 p.m."
SUBASTA INFORMAL,PARA LA REPARACIÓN DE LAS FACILIDADES DEL BOSQUE ESTATAL DE VEGA DEL DEPARTAMENTO DE RECURSOS NATURALES Y AMBIENTALES DEL GOBIERNO DE PUERTO RICO.,"Dec. 12, 2024  2 p.m.","Jan. 10, 2025  1 p.m."
SUBASTA FORMAL,PARA LA ADQUISICIÓN DE VEHÍCULOS MARCA CHEVROLET TAHOE PARA EL  DEPARTAMENTO DE SEGURIDAD PÚBLICA DEL GOBIERNO DE PUERTO RICO,"Dec. 3, 2024  11 a.m.","Dec. 20, 2024  12:30 p.m."
SUBASTA FORMAL,MEJORAS A FACILIDADES DEPORTIVAS DRD SOUTHEAST OFFICE CENTRO DEPORTIVO EN EL MUNICIPIO DE GUAYAMA DEL DEPARTAMENTO DE RECREACION Y DEPORTES DEL GOBIERNO DE PUERTO RICO,"Dec. 11, 2024  3 p.m.","Jan. 31, 2025  10:30 a.m."
SUBASTA FORMAL,"PARA REALIZAR MEJORAS A LAS FACILIDADES DEPORTIVAS EN EL PARQUE ATLÉTICO OSVALDO RIVERA EN EL MUNICIPIO DE COAMO, DEL DEPARTAMENTO DE RECREACIÓN Y DEPORTES DEL GOBIERNO DE PUERTO RICO","Dec. 11, 2024  2:30 p.m.","Jan. 23, 2025  10 a.m."
SUBASTA FORMAL,"PARA REALIZAR MEJORAS A LAS FACILIDADES DEPORTIVAS DEL PARQUE LAGUNA GARDENS EN EL MUNICIPIO DE CAROLINA, DEL DEPARTAMENTO DE RECREACIÓN Y DEPORTES DEL GOBIERNO DE PUERTO RICO","Dec. 11, 2024  2 p.m.","Jan. 16, 2025  9:30 a.m."
SUBASTA FORMAL,"REPARACIONES Y MEJORAS A EDIFICIOS INDUSTRIALES DE LA COMPAÑÍA DE FOMENTO INDUSTRIAL PARA LOS PWs 7807, 8067 Y 8144 (ARECIBO, QUEBRADILLAS Y UTUADO)","Dec. 11, 2024  10 a.m.","Jan. 10, 2025  3 p.m."
SUBASTA FORMAL,PARA LA ADQUISICIÓN E INSTALACIÓN DE EQUIPO PARA LA ACTUALIZACIÓN DE LA INFRAESTRUCTURA VIRTUAL DEL CENTRO DE CÓMPUTOS DE SAN JUAN Y PONCE DEL NEGOCIADO DE LA POLICIA DE PUERTO RICO ADSCRITO AL DEPARTAMENTO DE SEGURIDAD PÚBLICA DEL GOBIERNO DE PUERTO RICO,"Dec. 2, 2024  2 p.m.","Dec. 20, 2024  11:30 a.m."
SUBASTA INFORMAL,SERVICIO DE MEJORAS A LAS FACILIDADES DEPORTIVAS EN CAMUY Y HATILLO DEL DEPARTAMENTO DE RECREACIÓN Y DEPORTES DEL GOBIERNO DE PUERTO RICO,"Dec. 3, 2024  10 a.m.","Dec. 12, 2024  10 a.m."
SUBASTA FORMAL,REPARACIONES Y MEJORAS A EDIFICIOS INDUSTRIALES DE LA COMPAÑÍA DE FOMENTO INDUSTRIAL PARA EL PW 9223 EN CABO ROJO Y MOROVIS,"Dec. 4, 2024  9:30 a.m.","Dec. 26, 2024  11 a.m."
SUBASTA FORMAL,"PARA REHABILITAR LAS INSTALACIONES DEL CENTRO DE RECUPERACIÓN, ALA #4 EN SAN PATRICIO, ADSCRITAS A LA ADMINISTRACIÓN DE SERVICIOS DE SALUD MENTAL Y CONTRA LA ADICCIÓN DEL GOBIERNO DE PUERTO RICO","Nov. 25, 2024  11 a.m.","Dec. 19, 2024  10:30 a.m."
SUBASTA INFORMAL,"REPARACIÓN, LIMPIEZA Y PINTURA DEL CENTRO DE APRESTAMIENTO MILITAR DE CABO ROJO DE LA GUARDIA NACIONAL DE PUERTO RICO","Dec. 3, 2024  10:30 a.m.","Dec. 18, 2024  10:30 a.m."
SUBASTA INFORMAL,ADQUISICIÓN DE VAGÓN PARA LA FINCA GABIA ADSCRITA AL CUERPO DE VIGILANTES DEL DEPARTAMENTO DE RECURSOS NATURALES Y AMBIENTALES DEL GOBIERNO DE PUERTO RICO,"Nov. 21, 2024  10 a.m.","Dec. 16, 2024  10 a.m."
SUBASTA INFORMAL,SERVICIOS DE REACONDICIONAMIENTO DEL CONDOMINIO SAN JOSÉ EN SAN JUAN PARA LA AUTORIDAD DE TIERRAS DEL GOBIERNO DE PUERTO RICO,"Nov. 20, 2024  10 a.m.","Dec. 11, 2024  10 a.m."
SUBASTA INFORMAL,"PARA EL SERVICIO DE INSPECCIÓN, LIMPIEZA, IDENTIFICACIÓN Y PRUEBAS DE CABLES PRIMARIOS EN EL PARQUE LUIS MUÑOZ RIVERA DEL DEPARTAMENTO DE RECURSOS NATURALES Y AMBIENTALES DEL GOBIERNO DE PUERTO RICO","Nov. 20, 2024  1:30 p.m.","Dec. 5, 2024  1:30 p.m."
REQUEST FOR PROPOSAL,PARA FORMALIZAR UN CONTRATO PARA EL PROCESAMIENTO DE DATOS Y TARJETAS DE COMBUSTIBLE PARA LA ADMINISTRACIÓN DE SERVICIOS GENERALES DEL GOBIERNO DE PUERTO RICO,"Nov. 21, 2024  10 a.m.","Dec. 12, 2024  1 p.m."
SUBASTA INFORMAL,TRABAJOS DE MEJORAS A LA PLANTA FÍSICA EN EL CENTRO PEDIÁTRICO METROPOLITANO DE LA SECCIÓN DE NIÑOS CON NECESIDADES MÉDICAS ESPECIALES DEL DEPARTAMENTO DE SALUD DEL GOBIERNO DE PUERTO RICO,"Nov. 18, 2024  9:30 a.m.","Dec. 10, 2024  10:30 a.m."
SUBASTA INFORMAL,SERVICIOS DE CONSTRUCCIÓN GENERAL DEL LAUNDRY DEL HOSPITAL PSIQUIÁTRICO FORENSE DE PONCE DE LA ADMINISTRACIÓN DE SERVICIOS DE SALUD MENTAL Y CONTRA LA ADICCIÓN DEL GOBIERNO DE PUERTO RICO.,"Nov. 15, 2024  1 p.m.","Dec. 10, 2024  10:30 a.m."
SUBASTA FORMAL,PARA ADQUISICIÓN DE TRAILERS PARA EL DEPARTAMENTO DE RECREACIÓN Y DEPORTES DEL GOBIERNO DE PUERTO RICO,,"Dec. 11, 2024  1 p.m."
SUBASTA FORMAL,PARA ADQUIRIR CHALECOS ANTI-BALA Y COVERS PARA EL NEGOCIADO DE LA POLICÍA,"Nov. 12, 2024  1 p.m.","Dec. 3, 2024  1 p.m."
SUBASTA INFORMAL,PARA LA REHABILITACIÓN DE SISTEMA ELÉCTRICO DEL RESIDENCIAL DE MUJERES DE SAN JUAN,"Nov. 12, 2024  1:30 p.m.","Dec. 9, 2024  1:30 p.m."
SUBASTA INFORMAL,PROYECTO INFRAESTRUCTURA ELÉCTRICA PARA EL SISTEMA DE EXTRACTORES DE HUMO PARA EL CENTRO DE BELLAS ARTES DEL GOBIERNO DE PUERTO RICO,"Nov. 8, 2024  10 a.m.","Dec. 4, 2024  noon"
SUBASTA INFORMAL,"ADQUISICIÓN, REEMPLAZO E INSTALACIÓN DE SISTEMA DE ALARMAS DE SEGURIDAD E INCENDIOS DE LA SUPERINTENDENCIA AUXILIAR EN EDUCACIÓN Y ADIESTRAMIENTO DEL NEGOCIADO DE LA POLICIA DEL GOBIERNO DE PUERTO RICO.","Nov. 7, 2024  9 a.m.",
SUBASTA FORMAL,PARA LA ADQUISICIÓN DE VEHÍCULOS MARCA CHEVROLET TAHOE PARA EL  DEPARTAMENTO DE SEGURIDAD PÚBLICA DEL GOBIERNO DE PUERTO RICO,"Nov. 7, 2024  10 a.m.","Nov. 22, 2024  3 p.m."
SUBASTA FORMAL,"PARA ESTABLECER CONTRATO PARA LA CONSTRUCCIÓN DE RAMPAS EN LOS EDIFICIOS S-0535, T-1148, T-1020, T-0821 Y T-0820 LOCALIZADOS EN EL MUNICIPIO DE COAMO PERTENECIENTE A LA COMPAÑÍA DE FOMENTO INDUSTRIAL DEL GOBIERNO DE PUERTO RICO (PRIDCO)","Nov. 1, 2024  8 a.m.","Dec. 4, 2024  10:30 a.m."
SUBASTA FORMAL,PARA ESTABLECER CONTRATO PARA LA CONSTRUCCIÓN DE UNA SUBESTACIÓN ELÉCTRICA EN EL EDIFICIO M-0804-0-67 LOCALIZADO EN EL MUNICIPIO DE CAGUAS PERTENECIENTE A LA COMPAÑÍA DE FOMENTO INDUSTRIAL DEL GOBIERNO DE PUERTO RICO (PRIDCO),"Nov. 1, 2024  8:30 a.m.","Dec. 4, 2024  11 a.m."
SUBASTA INFORMAL,"SERVICIO DE INSPECCIÓN, IDENTIFICACIÓN, PRUEBAS Y LIMPIEZA DE SISTEMA ELÉCTRICO AL BALNEARIO LA MONSERRATE DE LUQUILLO ADSCRITO AL DEPARTAMENTO DE RECURSOS NATURALES Y AMBIENTALES  DEL GOBIERNO DE PUERTO RICO","Oct. 29, 2024  10:30 a.m.","Nov. 22, 2024  10:30 a.m."
SUBASTA INFORMAL,Servicio de Pintura Exterior Casa del Veterano del Gobierno de Puerto Rico,"Oct. 31, 2024  10 a.m.","Dec. 12, 2024  10:30 a.m."
SUBASTA FORMAL,PARA ESTABLECER CONTRATOS PARA SERVICIOS DE PINTURA GENERAL Y MANTENIMIENTO PREVENTIVO PARA LAS ESCUELAS DEL GOBIERNO DE PUERTO RICO,"Oct. 30, 2024  1 p.m.","Nov. 21, 2024  11 a.m."
SUBASTA INFORMAL,REPARACIÓN DEL SISTEMA DE ALARMAS EN LA NUEVA SEDE DEL DEPARTAMENTO DE SALUD DEL GOBIERNO DE PUERTO RICO,"Oct. 29, 2024  10 a.m.","Nov. 21, 2024  10 a.m."
SUBASTA INFORMAL,PARA FORMALIZAR CONTRATO PARA LA ADQUISICIÓN DE UNIFORMES DE CADETES DEL PROGRAMA YOUTH CHALLENGE DE LA GUARDIA NACIONAL  DEL GOBIERNO DE PUERTO RICO.,"Oct. 30, 2024  10:30 a.m.","Nov. 13, 2018  10:30 a.m."
SUBASTA INFORMAL,REMODELACIÓN INTEGRAL DE LOS BAÑOS DE LOS EDIFICIOS 763 Y 016 DEL CAMPAMENTO SANTIAGO EN SALINAS DE LA  GUARDIA NACIONAL DE PUERTO RICO,"Oct. 25, 2024  9 a.m.","Nov. 21, 2024  10:30 a.m."
REQUEST FOR PROPOSAL,"PARA ESTABLECER CONTRATO DE SELECCIÓN MÚLTIPLE PARA LA ADQUISICIÓN DE PIEZAS DE REEMPLAZO PARA LOS VEHÍCULOS DE LA FLOTA VEHICULAR DE LAS ENTIDADES GUBERNAMENTALES, ENTIDADES EXENTAS Y MUNICIPIOS DEL GOBIERNO DE PUERTO RICO","Dec. 4, 2024  2 p.m.","Dec. 16, 2024  10 a.m."
SUBASTA INFORMAL,ADQUISICIÓN DE LUMINARIAS PARA LAS FACILIDADES DE LA REPRESA CERRILLOS DE PONCE DEL DEPARTAMENTO DE RECURSOS NATURALES Y AMBIENTALES DEL GOBIERNO DE PUERTO RICO,"Oct. 24, 2024  10 a.m.","Nov. 8, 2024  1 p.m."
SUBASTA FORMAL,"PARA LA ADQUISICIÓN E INSTALACIÓN DE EQUIPOS DE ILUMINACIÓN, VIDEOS Y CÁMARAS PARA LA PREPARACIÓN DE ESTUDIO EN LA ADMINISTRACIÓN DE SERVICIOS DE SALUD MENTAL Y CONTRA LA ADICCIÓN (ASSMCA) DEL GOBIERNO DE PUERTO RICO","Oct. 22, 2024  1:30 p.m.","Dec. 18, 2024  2 p.m."
SUBASTA INFORMAL,"PARA EL SERVICIO DE REPARACIÓN DE EDIFICIOS, ANARANJADO, AMRILLO, VERDE Y AZUL DEL COMPLEJO DE REHABILITACIÓN PARA MUJERES EN BAYAMON","Oct. 23, 2024  1:30 p.m.","Nov. 7, 2024  1 p.m."
REQUEST FOR PROPOSAL,"PARA ESTABLECER UN CONTRATO DE SELECCIÓN MÚLTIPLE PARA LA ADQUISICIÓN DE MATERIALES DESECHABLES PARA EL CONSUMO Y DESPACHO DE ALIMENTOS Y BEBIDAS Y PARA OTROS FINES PARA TODAS LAS ENTIDADES GUBERNAMENTALES, EXENTAS Y MUNICIPIOS DEL GOBIERNO DE PUERTO RICO","Oct. 22, 2024  2:30 p.m.","Dec. 3, 2024  1:30 p.m."
REQUEST FOR PROPOSAL,"PARA ESTABLECER CONTRATO DE SELECCIÓN MÚLTIPLE PARA EL MANEJO DE DESPERDICIOS SÓLIDOS NO PELIGROSOS Y DESPERDICIOS GENERADOS POR ACTIVIDAD DE CONSTRUCCIÓN O DEMOLICIÓN CON ASIGNACION DEL FONDO FEDERAL PARA TODAS LAS ENTIDADES GUBERNAMENTALES, EXENTAS Y MU",,"Dec. 12, 2024  9:30 a.m."
SUBASTA FORMAL,"PARA ADQUIRIR SERVICIOS PARA LA LIMPIEZA DEL SISTEMA DE ALCANTARILLADO PLUVIAL DE LAS CARRETERAS CON ASIGNACIÓN DE FONDOS NO FEDERAL PARA TODAS LAS ENTIDADES GUBERNAMENTALES, ENTIDADES EXENTAS Y MUNICIPIOS DEL GOBIERNO DE PUERTO RICO","Oct. 23, 2024  1 p.m.","Nov. 22, 2024  10 a.m."
SUBASTA FORMAL,"PARA LA REPARACION DE SIETE (7) UNIDADES DEL PROYECTO RIBERAS DEL BUCANÁ II EN PONCE, ADSCRITAS AL DEPARTAMENTO DE LA VIVIENDA DEL GOBIERNO DE PUERTO RICO","Oct. 23, 2024  11 a.m.","Nov. 22, 2024  9 a.m."
SUBASTA INFORMAL,DISEÑO Y CONSTRUCCIÓN DE MURO DE CONTENCIÓN EN HORMIGÓN EN EL BO. CANDELERO ABAJO EN HUMACAO PARA LA AUTORIDAD DE TIERRAS DEL GOBIERNO DE PUERTO RICO,"Oct. 17, 2024  10:30 a.m.","Nov. 8, 2024  10:30 a.m."
SUBASTA INFORMAL,"PARA LA FORMALIZACIÓN DE UN CONTRATO ANUAL DE MANTENIMIENTO PREVENTIVO A SISTEMAS MECÁNICOS DE MANEJADORAS, EXTRACCIONES DE AIRE, CERTIFICACIÓN Y CALIBRACIÓN ANUAL DE EQUIPOS DEL SISTEMA DE HVAC PARA EL LABORATORIO DE EMERGENCIAS BIOLÓGICAS Y QUÍMICAS","Oct. 16, 2024  9 a.m.","Nov. 4, 2024  2 p.m."
SUBASTA FORMAL,"PARA LA ADQUISICIÓN DE EQUIPO MENOS LETAL PARA UNIDADES MARÍTIMAS DEL NEGOCIADO DE LA POLICÍA, ADSCRITO AL DEPARTAMENTO DE SEGURIDAD PÚBLICA DEL GOBIERNO DE PUERTO RICO","Oct. 15, 2024  10:30 a.m.","Oct. 30, 2024  11:30 a.m."
REQUEST FOR PROPOSAL,"PARA ESTABLECER UN CONTRATO DE SERVICIO DE MANEJO DE TURNOS Y CITAS PARA TODAS LAS ENTIDADES GUERNAMENTALES, EXENTAS Y MUNICIPIOS DEL GOBIERNO DE PUERTO RICO","Oct. 16, 2024  11 a.m.","Nov. 1, 2024  9 a.m."
SUBASTA FORMAL,PARA LA ADQUISICIÓN DE BOTES COMERCIALES PARA EL EMBARCADERO DEL LAGO DOS BOCAS PARA EL DEPARTAMENTO DE TRANSPORTACIÓN Y OBRAS PÚBLICAS DEL GOBIERNO DE PUERTO RICO,"Oct. 17, 2024  9:30 a.m.","Nov. 13, 2024  10 a.m."
SUBASTA FORMAL,"PARA LA ADQUISICIÓN E INSTALACIÓN DE UN SISTEMA DE ALMACENAMIENTO MÓVIL PARA ARMAS DE FUEGO PARA EL NEGOCIADO DE LA POLICÍA, ADSCRITO AL DEPARTAMENTO DE SEGURIDAD PÚBLICA DEL GOBIERNO DE PUERTO RICO","Oct. 10, 2024  1:30 p.m.","Oct. 29, 2024  10:30 a.m."
SUBASTA INFORMAL,SERVICIO DE MEJORAS A LAS FACILIDADES DEPORTIVAS EN CAMUY Y HATILLO DEL DEPARTAMENTO DE RECREACIÓN Y DEPORTES DEL GOBIERNO DE PUERTO RICO,"Oct. 10, 2024  9 a.m.","Oct. 28, 2024  10:30 a.m."
SUBASTA FORMAL,"​PARA LA ADQUISICIÓN DE INSTRUMENTO PARA DIAGNÓSTICO MOLECULAR PARA SARS-COV-2, ENTRE OTROS, PARA EL LABORATORIO DE SALUD PÚBLICA DEL DEPARTAMENTO DE SALUD DEL GOBIERNO DE PUERTO RICO","Oct. 10, 2024  11 a.m.","Oct. 28, 2024  1:30 p.m."
SUBASTA FORMAL,"PARA LA ADQUISICIÓN DE EQUIPO DE GRABACIÓN DE VOZ PARA EL NEGOCIADO DE LA POLICÍA DE PUERTO RICO, ADSCRITO AL DEPARTAMENTO DE SEGURIDAD PÚBLICA DEL GOBIERNO DE PUERTO RICO","Oct. 8, 2024  10:30 a.m.","Oct. 25, 2024  11 a.m."
SUBASTA INFORMAL,ADQUISICIÓN E INSTALACIÓN DE SISTEMA DE CÁMARAS DE SEGURIDAD PARA LA CASA DEL VETERANO EN JUANA DÍAZ DE LA OFICINA DEL PROCURADOR DEL VETERANO DEL GOBIERNO DE PUERTO RICO,"Nov. 14, 2024  9:30 a.m.",
SUBASTA INFORMAL,"PARA REHABILITACIÓN DE LA CALLE 7, DE LA COMUNIDAD LOS ROSALES EN EL BARRIO JAGUAL DE SAN LORENZO","Oct. 10, 2024  1:30 p.m.","Oct. 31, 2024  1 p.m."
SUBASTA FORMAL,PARA ADQUIRIR SERVICIOS DE RECONSTRUCCIÓN DE PISTA ATLÉTICA EN SALINAS PARA LA GUARDIA NACIONAL DEL GOBIERNO DE PUERTO RICO,"Oct. 16, 2024  10:30 a.m.","Nov. 18, 2024  4:30 p.m."
SUBASTA FORMAL,PARA ADQUIRIR SERVICIOS PARA LA REPARACIÓN Y MANTENIMIENTO DEL SISTEMA DE ALARMA Y SUPRESIÓN DE INCENDIOS DEL ARMY AVIATION SUPPORT FACILITY EN SAN JUAN PARA LA GUARDIA NACIONAL DEL GOBIERNO DE PUERTO RICO,"Oct. 10, 2024  2:30 p.m.","Oct. 28, 2024  10:30 a.m."
SUBASTA FORMAL,ADQUISICIÓN DE VEHICULOS DE MOTOR “HÍBRIDOS” PARA EL DEPARTAMENTO DE HACIENDA DEL GOBIERNO DE PUERTO RICO,"Oct. 10, 2024  3 p.m.","Oct. 29, 2024  11:30 a.m."
SUBASTA INFORMAL,"ADQUISICIÓN E INSTALACIÓN DE EQUIPOS Y PUERTAS, DEMOLICIÓN Y REMODELACIÓN DE BAÑOS EN EL HOSPITAL DE PSIQUIATRIA GENERAL DR. RAMÓN FERNÁNDEZ MARINA DE RIO PIEDRAS DE LA ADMINISTRACIÓN DE SERVICIOS DE SALUD MENTAL Y CONTRA LA ADICCIÓN DEL GOBIERNO DE P.R.","Oct. 9, 2024  10 a.m.","Oct. 31, 2024  10:30 a.m."
SUBASTA FORMAL,"PARA LA ADQUISICIÓN DE MOTORES MARINOS PARA LAS EMBARCACIONES DEL NEGOCIADO DE LA POLICÍA DE PUERTO RICO, ADSCRITO AL DEPARTAMENTO DE SEGURIDAD PÚBLICA DEL GOBIERNO DE PUERTO RICO","Oct. 3, 2024  2 p.m.","Oct. 22, 2024  noon"
SUBASTA FORMAL,PARA LA ADQUISICIÓN E INSTALACIÓN DE BOMBAS SUMERGIBLES SANITARIAS EN LA INSTITUCIÓN CORRECCIONAL GUERRERO DE AGUADILLA DEL DEPARTAMENTO DE CORRECCIÓN Y REHABILITACIÓN DEL GOBIERNO DE PUERTO RICO,"Oct. 3, 2024  2:30 p.m.","Oct. 28, 2024  12:30 p.m."
SUBASTA FORMAL,"PARA LA ADQUISICIÓN DE BATERÍAS DE RESPALDO PARA LA RESILIENCIA DE EQUIPOS DE VOZ PARA EL NEGOCIADO DE LA POLICÍA DE PUERTO RICO, ADSCRITO AL DEPARTAMENTO DE SEGURIDAD PÚBLICA DEL GOBIERNO DE PUERTO RICO","Oct. 3, 2024  11 a.m.","Oct. 22, 2024  11 a.m."
SUBASTA INFORMAL,SERVICIO DE REMPLAZO EN LINEAS SANITARIA EN COAMO REDINESS CENTER (RC) EN COAMO PARA LA GUARDIA NACIONAL  DEL GOBIERNO DE PUERTO RICO,"Oct. 8, 2024  10 a.m.","Oct. 22, 2024  10 a.m."
REQUEST FOR PROPOSAL,"PARA FORMALIZAR UN CONTRATO DE SELECCIÓN MÚLTIPLE PARA LA ADQUISICIÓN DE MATERIALES PARA LA HIGIENE PERSONAL PARA LAS ENTIDADES GUBERNAMENTALES, ENTIDADES EXENTAS Y MUNICIPIOS DEL GOBIERNO DE PUERTO RICO","Oct. 28, 2024  9 a.m.",
SUBASTA FORMAL,"PARA FORMALIZAR UN CONTRATO DE SELECCION MULTIPLE PARA LA ADQUISICION DE AUDIFONOS  Y EQUIPO DE ASISTENCIA DE  TECNOLOGIA   PARA AUDIO IMPEDIDOS, PARA LAS AGENCIAS, ENTIDADES EXENTAS, CORPORACIONES PUBLICAS Y MUNICIPIOS DEL GOBIERNO DE PUERTO RICO.","Sept. 26, 2024  2 p.m.","Oct. 18, 2024  11:30 a.m."
SUBASTA INFORMAL,"ADQUISICIÓN DE SERVICIOS DE MANTENIMIENTO Y PINTURA DE “RISERS” DEL SISTEMA DE ROCIADORES DEL CENTRO REGIONAL DE DISTRIBUCIÓN DE MAYAGÜEZ, ADSCRITO AL DEPARTAMENTO DE DESARROLLO ECONÓMICO Y COMERCIO DEL GOBIERNO DE PUERTO RICO","Sept. 25, 2024  1 p.m.","Oct. 16, 2024  1 p.m."
SUBASTA FORMAL,PARA LA ADQUISICIÓN DE GENERADORES ELÉCTRICOS PARA LA OFICINA DE DESARROLLO SOCIOECONÓMICO Y COMUNITARIO DEL GOBIERNO DE PUERTO RICO,,"Sept. 26, 2024  8:30 a.m."
SUBASTA INFORMAL,CONSTRUCCIÓN DE TECHO EN GALVALUME PARA GAZEBO EN URB. LAS COLINAS EN TOA BAJA PARA LA AUTORIDAD DE TIERRAS DEL GOBIERNO DE PUERTO RICO,"Sept. 19, 2024  10 a.m.","Oct. 3, 2024  10 a.m."
SUBASTA INFORMAL,"SERVICIO DE REMOCIÓN, DISPOSICIÓN E INSTALACIÓN DE ALFOMBRAS, LUCES, CUBRE FALTA Y VARETAS PARA EL INSTITUTO DE CULTURA PUERTORRIQUEÑA GOBIERNO DE PUERTO RICO","Sept. 17, 2024  10:30 a.m.","Oct. 22, 2024  10:30 a.m."
REQUEST FOR PROPOSAL,"PARA FORMALIZAR UN CONTRATO DE SELECCIÓN MÚLTIPLE PARA EL SERVICIO DE DISPOSICIÓN DE DESPERDICIOS SÓLIDOS EN SISTEMAS DE RELLENO SANITARIO PARA LAS ENTIDADES GUBERNAMENTALES, ENTIDADES EXENTAS Y MUNICIPIOS DEL GOBIERNO DE PUERTO RICO","Sept. 19, 2024  9 a.m.","Oct. 3, 2024  10 a.m."
SUBASTA FORMAL,"GOVERNMENT OF PUERTO RICO LOCAL REDEVELOPMENT AUTHORITY FOR ROOSEVELT ROADS CONSTRUCTION OF WATER INFRASTRURE IMPROVEMENTS, PHASE I","Oct. 3, 2024  10:30 a.m.","Nov. 7, 2024  10:30 a.m."
SUBASTA FORMAL,"PARA EL REEMPLAZO DE SISTEMAS DE GENERACION DE VAPOR (CALDERAS) PARA LAS FACILIDADES DEL CENTRO DE INGRESOS DEL SUR EN PONCEEEEE, LA INSTITUCION 705 EN BAYAMON Y EL CENTRO DE DETENCION DE MAYAGUEZ DEL DEPARTAMENTO DE CORRECCION Y REHABILITACION DEL GOBIER","Sept. 13, 2024  11 a.m.","Oct. 16, 2024  1:30 p.m."
SUBASTA FORMAL,PARA MEJORAS A LAS FACILIDADES DEPORTIVAS DEL PARQUE MAMEYAL Y PARQUE FELIX GARCIA EN DORADO DEL DEPARTAMENTO DE RECREACIÓN Y DEPORTES  DEL GOBIERNO DE PUERTO RICO,"Sept. 17, 2024  11 a.m.","Oct. 11, 2024  10:30 a.m."
SUBASTA FORMAL,​PARA MEJORAS A LAS FACILIDADES DEPORTIVAS EN EL BARRIO CALABAZAS DEL MUNICIPIO DE SAN SEBASTÍAN DEL DEPARTAMENTO DE RECREACIÓN Y DEPORTES  DEL GOBIERNO DE PUERTO RICO​,"Sept. 17, 2024  10:30 a.m.","Oct. 11, 2024  10 a.m."
SUBASTA FORMAL,PARA MEJORAS A LAS FACILIDADES DEPORTIVAS DE LA PLAYA GUAYANÉS EN YABUCOA DEL DEPARTAMENTO DE RECREACIÓN Y DEPORTES DEL GOBIERNO DE PUERTO RICO,"Sept. 17, 2024  9:30 a.m.","Nov. 13, 2024  9:30 a.m."
SUBASTA FORMAL,PARA LA REHABILITACIÓN Y MODERNIZACIÓN DE TRES (3) ELEVADORES EN LA OFICINA DEL PROCURADOR DEL VETERANO DEL GOBIERNO DE PUERTO RICO,"Sept. 25, 2024  10:30 a.m.","Oct. 15, 2024  9:30 a.m."
SUBASTA FORMAL,"​PARA MEJORAS A LAS FACILIDADES DEPORTIVAS DE LAS VEGAS DE CEIBA, EN EL MUNICIPIO DE CEIBA PARA EL DEPARTAMENTO DE RECREACIÓN Y DEPORTES  DEL GOBIERNO DE PUERTO RICO​","Sept. 17, 2024  10 a.m.","Oct. 11, 2024  9:30 a.m."
SUBASTA INFORMAL,SERVICIO DE LIMPIEZA Y MEJORAS EN EL ÁREA DE ESTACIONAMIENTO DEL DEPARTAMENTO DE LA VIVIENDA DEL GOBIERNO DE PUERTO RICO,"Sept. 9, 2024  2 p.m.","Sept. 24, 2024  10 a.m."
SUBASTA INFORMAL,PARA LA AQUISICION E INSTALACIÓN DE SISTEMA DE BANCO DE BATERIAS (UPS) PARA EL DEPARTAMENTO DE JUSTICIA DEL GOBIERNO DE PUERTO RICO.,"Sept. 12, 2024  10 a.m.","Sept. 27, 2024  10 a.m."
REQUEST FOR PROPOSAL,"PARA FORMALIZAR UN CONTRATO DE SELECCIÓN MÚLTIPLE PARA LA ADQUISICIÓN DE VEHÍCULOS ELÉCTRICOS, HÍBRIDOS Y DE COMBUSTIBLE PARA LAS ENTIDADES GUBERNAMENTALES, EXENTAS Y MUNICIPIOS DEL GOBIERNO DE PUERTO RICO​​","Sept. 30, 2024  1 p.m.","Dec. 5, 2024  10:30 a.m."
SUBASTA FORMAL,PARA LA ADQUISICIÓN E INSTALACIÓN DE NEVERAS Y FREEZERS PARA EL PROGRAMA DE  VACUNACIÓN DEL DEPARTAMENTO DE SALUD DEL GOBIERNO DE PUERTO RICO,"Sept. 10, 2024  2:30 p.m.","Oct. 24, 2024  1:30 p.m."
REQUEST FOR PROPOSAL,"PARA FORMALIZAR UN CONTRATO DE SELECCIÓN MÚLTIPLE PARA EL ARRENDAMIENTO DE ESPACIOS DE ESTACIONAMIENTO CERCANOS AL CENTRO GUBERNAMENTAL ROBERTO SÁNCHEZ VILELLA PARA LAS ENTIDADES GUBERNAMENTALES, ENTIDADES EXENTAS Y MUNICIPIOS DEL GOBIERNO DE PUERTO RICO","Sept. 11, 2024  9:30 a.m.","Sept. 26, 2024  10:30 a.m."
SUBASTA FORMAL,"PARA LA REPARACIÓN DE 32 UNIDADES VACANTES EN EL PROYECTO BALCONES DE LAS CATALINAS EN CAGUAS, ADSCRITAS AL DEPARTAMENTO DE LA VIVIENDA DEL GOBIERNO DE PUERTO RICO","Sept. 12, 2024  10 a.m.","Oct. 24, 2024  10:30 a.m."
REQUEST FOR PROPOSAL,"PROPÓSITO: DISEÑO Y CONSTRUCCIÓN DE MEJORAS Al PARQUE UBICADO EN LA SÉPTIMA SECCIÓN DE LEVITTOWN, TOA BAJA PARA LA AUTORIDAD DE TIERRAS DEL GOBIERNO DE PUERTO RICO.","Sept. 9, 2024  9:30 a.m.","Sept. 24, 2024  10:30 a.m."
REQUEST FOR PROPOSAL,"​​​​PARA LA ADQUISICIÓN, INSTALACIÓN Y LA REPARACIÓN DE LA CISTERNA SUBTERRANEA HISTÓRICA DEL CUARTEL DE BALLAJA DE LA OFICINA ESTATAL DE LA CONSERVACIÓN HISTÓRICA DEL GOBIERNO DE PUERTO RICO​","Sept. 6, 2024  10 a.m.","Oct. 8, 2024  3 p.m."
SUBASTA FORMAL,"PARA LA ADQUISICIÓN E INSTALACIÓN DE TRANSFORMADOR EN LA SUBESTACIÓN PRIMARIA DE 38,000 KV DE LA INSTITUCIÓN CORRECCIONAL DE GUAYAMA DEL DEPARTAMENTO DE CORRECCIÓN Y REHABILITACIÓN DEL GOBIERNO DE PUERTO RICO","Sept. 23, 2024  2 p.m.","Oct. 10, 2024  10:30 a.m."
SUBASTA FORMAL,"PARA LA ADQUISICIÓN DE EQUIPOS Y COMPONENTES DE AVIONES AVOTEK PARA EL PROGRAMA DE MECÁNICA DE AVIACIÓN DE LA DIVISIÓN DE EDUCACIÓN TÉCNICA DEL DEPARTAMENTO DE EDUCACIÓN, SEGÚN SOLICITADO POR EL DEPARTAMENTO DE DESARROLLO ECONÓMICO Y COMERCIO DEL  GOBIERN","Sept. 4, 2024  11 a.m.","Sept. 20, 2024  11 a.m."
SUBASTA FORMAL,"​PARA LA ADQUISICIÓN DE AVIONES PARA EL PROGRAMA DE MECÁNICA DE AVIACIÓN DE LA DIVISIÓN DE EDUCACIÓN TÉCNICA DEL DEPARTAMENTO DE EDUCACIÓN, SEGÚN SOLICITADO POR EL DEPARTAMENTO DE DESARROLLO ECONÓMICO Y COMERCIO DEL GOBIERNO DE PUERTO RICO​​","Sept. 4, 2024  10:30 a.m.","Sept. 20, 2024  10:30 a.m."
